Run,Assay Type,AvgSpotLen,Bases,batchid,BioProject,BioSample,Bytes,Center Name,Consent,DATASTORE filetype,DATASTORE provider,DATASTORE region,Experiment,GEO_Accession (exp),Instrument,LibraryLayout,LibrarySelection,LibrarySource,librarytype,Organism,Platform,ReleaseDate,create_date,version,Sample Name,sequencingrunid,source_name,SRA Study,subbatchid
SRR17734263,RNA-Seq,178,154711841344,PBMC-01,PRJNA800261,SAMN25241888,51646502338,GEO,public,"fastq,sra,run.zq","ncbi,gs,s3","gs.us-east1,ncbi.public,s3.us-east-1",SRX13897023,GSM5833269,Illumina NovaSeq 6000,PAIRED,cDNA,TRANSCRIPTOMIC,Gene Expression,Homo sapiens,ILLUMINA,2022-03-11T00:00:00Z,2022-01-26T12:58:00Z,1,GSM5833269,S1,peripheral blood mononuclear cells,SRP356618,1
SRR17734264,RNA-Seq,178,114503051104,PBMC-01,PRJNA800261,SAMN25241889,38154841014,GEO,public,"run.zq,sra,fastq","gs,s3,ncbi","gs.us-east1,ncbi.public,s3.us-east-1",SRX13897024,GSM5833270,Illumina NovaSeq 6000,PAIRED,cDNA,TRANSCRIPTOMIC,Gene Expression,Homo sapiens,ILLUMINA,2022-03-11T00:00:00Z,2022-01-25T20:47:00Z,1,GSM5833270,S1,peripheral blood mononuclear cells,SRP356618,2
SRR17734265,RNA-Seq,178,133223962228,PBMC-01,PRJNA800261,SAMN25241890,43973269934,GEO,public,"run.zq,fastq,sra","gs,ncbi,s3","s3.us-east-1,ncbi.public,gs.us-east1",SRX13897039,GSM5833271,Illumina NovaSeq 6000,PAIRED,cDNA,TRANSCRIPTOMIC,Gene Expression,Homo sapiens,ILLUMINA,2022-03-11T00:00:00Z,2022-01-27T01:17:00Z,1,GSM5833271,S1,peripheral blood mononuclear cells,SRP356618,3
SRR17734266,RNA-Seq,178,129727124994,PBMC-01,PRJNA800261,SAMN25241891,42728601057,GEO,public,"run.zq,sra,fastq","ncbi,gs,s3","gs.us-east1,s3.us-east-1,ncbi.public",SRX13897040,GSM5833272,Illumina NovaSeq 6000,PAIRED,cDNA,TRANSCRIPTOMIC,Gene Expression,Homo sapiens,ILLUMINA,2022-03-11T00:00:00Z,2022-01-26T12:16:00Z,1,GSM5833272,S1,peripheral blood mononuclear cells,SRP356618,4
SRR17734271,RNA-Seq,118,16998727180,PBMC-07,PRJNA800261,SAMN25241893,5003383236,GEO,public,"sra,fastq,run.zq","s3,gs,ncbi","gs.us-east1,s3.us-east-1,ncbi.public",SRX13897042,GSM5833274,Illumina NovaSeq 6000,PAIRED,cDNA,TRANSCRIPTOMIC,Gene Expression,Homo sapiens,ILLUMINA,2022-03-11T00:00:00Z,2022-01-25T12:17:00Z,1,GSM5833274,S7,peripheral blood mononuclear cells,SRP356618,2
SRR17734274,RNA-Seq,118,17005672306,PBMC-07,PRJNA800261,SAMN25241893,5028077962,GEO,public,"run.zq,sra,fastq","s3,ncbi,gs","s3.us-east-1,ncbi.public,gs.us-east1",SRX13897042,GSM5833274,Illumina NovaSeq 6000,PAIRED,cDNA,TRANSCRIPTOMIC,Gene Expression,Homo sapiens,ILLUMINA,2022-03-11T00:00:00Z,2022-01-25T12:28:00Z,1,GSM5833274,S7,peripheral blood mononuclear cells,SRP356618,2
SRR17734276,RNA-Seq,118,16470927812,PBMC-07,PRJNA800261,SAMN25241894,4871387447,GEO,public,"fastq,run.zq,sra","ncbi,gs,s3","ncbi.public,gs.us-east1,s3.us-east-1",SRX13897043,GSM5833275,Illumina NovaSeq 6000,PAIRED,cDNA,TRANSCRIPTOMIC,Gene Expression,Homo sapiens,ILLUMINA,2022-03-11T00:00:00Z,2022-01-25T12:27:00Z,1,GSM5833275,S7,peripheral blood mononuclear cells,SRP356618,4
SRR17734278,RNA-Seq,118,16563153898,PBMC-07,PRJNA800261,SAMN25241894,4904287893,GEO,public,"run.zq,sra,fastq","s3,gs,ncbi","gs.us-east1,s3.us-east-1,ncbi.public",SRX13897043,GSM5833275,Illumina NovaSeq 6000,PAIRED,cDNA,TRANSCRIPTOMIC,Gene Expression,Homo sapiens,ILLUMINA,2022-03-11T00:00:00Z,2022-01-25T12:12:00Z,1,GSM5833275,S7,peripheral blood mononuclear cells,SRP356618,4
SRR17734279,RNA-Seq,119,14203588791,PBMC-07,PRJNA800261,SAMN25241895,5891828910,GEO,public,"run.zq,sra,fastq","gs,ncbi,s3","ncbi.public,s3.us-east-1,gs.us-east1",SRX13897044,GSM5833276,Illumina NovaSeq 6000,PAIRED,cDNA,TRANSCRIPTOMIC,Antibody Capture,Homo sapiens,ILLUMINA,2022-03-11T00:00:00Z,2022-01-25T11:34:00Z,1,GSM5833276,S6,peripheral blood mononuclear cells,SRP356618,3
SRR17734280,RNA-Seq,119,14362060853,PBMC-07,PRJNA800261,SAMN25241895,5951575529,GEO,public,"sra,run.zq,fastq","gs,s3,ncbi","ncbi.public,s3.us-east-1,gs.us-east1",SRX13897044,GSM5833276,Illumina NovaSeq 6000,PAIRED,cDNA,TRANSCRIPTOMIC,Antibody Capture,Homo sapiens,ILLUMINA,2022-03-11T00:00:00Z,2022-01-25T12:50:00Z,1,GSM5833276,S6,peripheral blood mononuclear cells,SRP356618,3
SRR17734281,RNA-Seq,119,6059751439,PBMC-07,PRJNA800261,SAMN25241896,2195791209,GEO,public,"fastq,sra,run.zq","ncbi,gs,s3","ncbi.public,s3.us-east-1,gs.us-east1",SRX13897045,GSM5833277,Illumina NovaSeq 6000,PAIRED,cDNA,TRANSCRIPTOMIC,Antibody Capture,Homo sapiens,ILLUMINA,2022-03-11T00:00:00Z,2022-01-25T11:13:00Z,1,GSM5833277,S8,peripheral blood mononuclear cells,SRP356618,3
SRR17734282,RNA-Seq,119,5850609891,PBMC-07,PRJNA800261,SAMN25241896,2122575821,GEO,public,"fastq,run.zq,sra","gs,ncbi,s3","gs.us-east1,ncbi.public,s3.us-east-1",SRX13897045,GSM5833277,Illumina NovaSeq 6000,PAIRED,cDNA,TRANSCRIPTOMIC,Antibody Capture,Homo sapiens,ILLUMINA,2022-03-11T00:00:00Z,2022-01-25T11:12:00Z,1,GSM5833277,S8,peripheral blood mononuclear cells,SRP356618,3
SRR17734283,RNA-Seq,119,5936988421,PBMC-07,PRJNA800261,SAMN25241896,2153919417,GEO,public,"run.zq,fastq,sra","gs,s3,ncbi","gs.us-east1,s3.us-east-1,ncbi.public",SRX13897045,GSM5833277,Illumina NovaSeq 6000,PAIRED,cDNA,TRANSCRIPTOMIC,Antibody Capture,Homo sapiens,ILLUMINA,2022-03-11T00:00:00Z,2022-01-25T11:15:00Z,1,GSM5833277,S8,peripheral blood mononuclear cells,SRP356618,3
SRR17734284,RNA-Seq,119,5982134998,PBMC-07,PRJNA800261,SAMN25241896,2172999072,GEO,public,"fastq,sra,run.zq","ncbi,s3,gs","ncbi.public,gs.us-east1,s3.us-east-1",SRX13897045,GSM5833277,Illumina NovaSeq 6000,PAIRED,cDNA,TRANSCRIPTOMIC,Antibody Capture,Homo sapiens,ILLUMINA,2022-03-11T00:00:00Z,2022-01-25T11:12:00Z,1,GSM5833277,S8,peripheral blood mononuclear cells,SRP356618,3
SRR17734287,RNA-Seq,118,15902494436,PBMC-07,PRJNA800261,SAMN25241897,4690827471,GEO,public,"fastq,run.zq,sra","s3,ncbi,gs","ncbi.public,gs.us-east1,s3.us-east-1",SRX13897046,GSM5833278,Illumina NovaSeq 6000,PAIRED,cDNA,TRANSCRIPTOMIC,Gene Expression,Homo sapiens,ILLUMINA,2022-03-11T00:00:00Z,2022-01-25T12:24:00Z,1,GSM5833278,S7,peripheral blood mononuclear cells,SRP356618,3
SRR17734288,RNA-Seq,118,15902028218,PBMC-07,PRJNA800261,SAMN25241897,4706616785,GEO,public,"fastq,run.zq,sra","s3,gs,ncbi","ncbi.public,gs.us-east1,s3.us-east-1",SRX13897046,GSM5833278,Illumina NovaSeq 6000,PAIRED,cDNA,TRANSCRIPTOMIC,Gene Expression,Homo sapiens,ILLUMINA,2022-03-11T00:00:00Z,2022-01-25T12:45:00Z,1,GSM5833278,S7,peripheral blood mononuclear cells,SRP356618,3
SRR17734289,RNA-Seq,118,21438573822,PBMC-06,PRJNA800261,SAMN25241898,6339665621,GEO,public,"run.zq,fastq,sra","s3,ncbi,gs","ncbi.public,s3.us-east-1,gs.us-east1",SRX13897047,GSM5833279,Illumina NovaSeq 6000,PAIRED,cDNA,TRANSCRIPTOMIC,Gene Expression,Homo sapiens,ILLUMINA,2022-03-11T00:00:00Z,2022-01-25T12:29:00Z,1,GSM5833279,S7,peripheral blood mononuclear cells,SRP356618,1
SRR17734290,RNA-Seq,118,21533488892,PBMC-06,PRJNA800261,SAMN25241898,6395097896,GEO,public,"run.zq,sra,fastq","ncbi,gs,s3","ncbi.public,gs.us-east1,s3.us-east-1",SRX13897047,GSM5833279,Illumina NovaSeq 6000,PAIRED,cDNA,TRANSCRIPTOMIC,Gene Expression,Homo sapiens,ILLUMINA,2022-03-11T00:00:00Z,2022-01-25T12:20:00Z,1,GSM5833279,S7,peripheral blood mononuclear cells,SRP356618,1
SRR17734291,RNA-Seq,118,21534528118,PBMC-06,PRJNA800261,SAMN25241898,6377302101,GEO,public,"run.zq,fastq,sra","ncbi,gs,s3","ncbi.public,gs.us-east1,s3.us-east-1",SRX13897047,GSM5833279,Illumina NovaSeq 6000,PAIRED,cDNA,TRANSCRIPTOMIC,Gene Expression,Homo sapiens,ILLUMINA,2022-03-11T00:00:00Z,2022-01-25T13:58:00Z,1,GSM5833279,S7,peripheral blood mononuclear cells,SRP356618,1
SRR17734293,RNA-Seq,119,13961109869,PBMC-06,PRJNA800261,SAMN25241899,5809151596,GEO,public,"sra,fastq,run.zq","s3,ncbi,gs","s3.us-east-1,ncbi.public,gs.us-east1",SRX13897048,GSM5833280,Illumina NovaSeq 6000,PAIRED,cDNA,TRANSCRIPTOMIC,Antibody Capture,Homo sapiens,ILLUMINA,2022-03-11T00:00:00Z,2022-01-25T11:33:00Z,1,GSM5833280,S6,peripheral blood mononuclear cells,SRP356618,3
SRR17734294,RNA-Seq,119,14134863911,PBMC-06,PRJNA800261,SAMN25241899,5874413690,GEO,public,"fastq,sra,run.zq","ncbi,s3,gs","ncbi.public,gs.us-east1,s3.us-east-1",SRX13897048,GSM5833280,Illumina NovaSeq 6000,PAIRED,cDNA,TRANSCRIPTOMIC,Antibody Capture,Homo sapiens,ILLUMINA,2022-03-11T00:00:00Z,2022-01-25T12:22:00Z,1,GSM5833280,S6,peripheral blood mononuclear cells,SRP356618,3
SRR17734295,RNA-Seq,118,23024706812,PBMC-06,PRJNA800261,SAMN25241900,6765468322,GEO,public,"sra,run.zq,fastq","s3,ncbi,gs","ncbi.public,s3.us-east-1,gs.us-east1",SRX13897049,GSM5833281,Illumina NovaSeq 6000,PAIRED,cDNA,TRANSCRIPTOMIC,Gene Expression,Homo sapiens,ILLUMINA,2022-03-11T00:00:00Z,2022-01-25T12:54:00Z,1,GSM5833281,S7,peripheral blood mononuclear cells,SRP356618,3
SRR17734296,RNA-Seq,118,23143986168,PBMC-06,PRJNA800261,SAMN25241900,6825813850,GEO,public,"fastq,sra,run.zq","gs,s3,ncbi","ncbi.public,gs.us-east1,s3.us-east-1",SRX13897049,GSM5833281,Illumina NovaSeq 6000,PAIRED,cDNA,TRANSCRIPTOMIC,Gene Expression,Homo sapiens,ILLUMINA,2022-03-11T00:00:00Z,2022-01-25T12:36:00Z,1,GSM5833281,S7,peripheral blood mononuclear cells,SRP356618,3
SRR17734297,RNA-Seq,118,23114067858,PBMC-06,PRJNA800261,SAMN25241900,6799966860,GEO,public,"fastq,run.zq,sra","ncbi,s3,gs","gs.us-east1,s3.us-east-1,ncbi.public",SRX13897049,GSM5833281,Illumina NovaSeq 6000,PAIRED,cDNA,TRANSCRIPTOMIC,Gene Expression,Homo sapiens,ILLUMINA,2022-03-11T00:00:00Z,2022-01-25T12:29:00Z,1,GSM5833281,S7,peripheral blood mononuclear cells,SRP356618,3
SRR17734298,RNA-Seq,118,23101780754,PBMC-06,PRJNA800261,SAMN25241900,6821237392,GEO,public,"fastq,sra,run.zq","s3,gs,ncbi","gs.us-east1,ncbi.public,s3.us-east-1",SRX13897049,GSM5833281,Illumina NovaSeq 6000,PAIRED,cDNA,TRANSCRIPTOMIC,Gene Expression,Homo sapiens,ILLUMINA,2022-03-11T00:00:00Z,2022-01-25T12:45:00Z,1,GSM5833281,S7,peripheral blood mononuclear cells,SRP356618,3
SRR17734299,RNA-Seq,119,19049606275,PBMC-06,PRJNA800261,SAMN25241901,7876259307,GEO,public,"fastq,run.zq,sra","s3,gs,ncbi","gs.us-east1,s3.us-east-1,ncbi.public",SRX13897050,GSM5833282,Illumina NovaSeq 6000,PAIRED,cDNA,TRANSCRIPTOMIC,Antibody Capture,Homo sapiens,ILLUMINA,2022-03-11T00:00:00Z,2022-01-25T12:23:00Z,1,GSM5833282,S6,peripheral blood mononuclear cells,SRP356618,2
SRR17734300,RNA-Seq,119,19285658126,PBMC-06,PRJNA800261,SAMN25241901,7967071601,GEO,public,"fastq,sra,run.zq","ncbi,gs,s3","ncbi.public,gs.us-east1,s3.us-east-1",SRX13897050,GSM5833282,Illumina NovaSeq 6000,PAIRED,cDNA,TRANSCRIPTOMIC,Antibody Capture,Homo sapiens,ILLUMINA,2022-03-11T00:00:00Z,2022-01-25T12:57:00Z,1,GSM5833282,S6,peripheral blood mononuclear cells,SRP356618,2
SRR17734302,RNA-Seq,118,17877804288,PBMC-06,PRJNA800261,SAMN25241902,5279808176,GEO,public,"fastq,sra,run.zq","s3,gs,ncbi","gs.us-east1,s3.us-east-1,ncbi.public",SRX13897051,GSM5833283,Illumina NovaSeq 6000,PAIRED,cDNA,TRANSCRIPTOMIC,Gene Expression,Homo sapiens,ILLUMINA,2022-03-11T00:00:00Z,2022-01-25T12:29:00Z,1,GSM5833283,S7,peripheral blood mononuclear cells,SRP356618,2
SRR17734303,RNA-Seq,118,17898746456,PBMC-06,PRJNA800261,SAMN25241902,5272956326,GEO,public,"run.zq,sra,fastq","s3,gs,ncbi","gs.us-east1,s3.us-east-1,ncbi.public",SRX13897051,GSM5833283,Illumina NovaSeq 6000,PAIRED,cDNA,TRANSCRIPTOMIC,Gene Expression,Homo sapiens,ILLUMINA,2022-03-11T00:00:00Z,2022-01-25T12:58:00Z,1,GSM5833283,S7,peripheral blood mononuclear cells,SRP356618,2
SRR17734304,RNA-Seq,118,17874787382,PBMC-06,PRJNA800261,SAMN25241902,5285404265,GEO,public,"fastq,run.zq,sra","ncbi,gs,s3","ncbi.public,gs.us-east1,s3.us-east-1",SRX13897051,GSM5833283,Illumina NovaSeq 6000,PAIRED,cDNA,TRANSCRIPTOMIC,Gene Expression,Homo sapiens,ILLUMINA,2022-03-11T00:00:00Z,2022-01-25T12:58:00Z,1,GSM5833283,S7,peripheral blood mononuclear cells,SRP356618,2
SRR17734305,RNA-Seq,119,14934651844,PBMC-06,PRJNA800261,SAMN25241903,6189980709,GEO,public,"sra,run.zq,fastq","gs,ncbi,s3","gs.us-east1,s3.us-east-1,ncbi.public",SRX13897052,GSM5833284,Illumina NovaSeq 6000,PAIRED,cDNA,TRANSCRIPTOMIC,Antibody Capture,Homo sapiens,ILLUMINA,2022-03-11T00:00:00Z,2022-01-25T11:54:00Z,1,GSM5833284,S6,peripheral blood mononuclear cells,SRP356618,4
SRR17734306,RNA-Seq,119,15052551570,PBMC-06,PRJNA800261,SAMN25241903,6233458984,GEO,public,"fastq,sra,run.zq","s3,ncbi,gs","s3.us-east-1,ncbi.public,gs.us-east1",SRX13897052,GSM5833284,Illumina NovaSeq 6000,PAIRED,cDNA,TRANSCRIPTOMIC,Antibody Capture,Homo sapiens,ILLUMINA,2022-03-11T00:00:00Z,2022-01-25T12:49:00Z,1,GSM5833284,S6,peripheral blood mononuclear cells,SRP356618,4
SRR17734307,RNA-Seq,118,14262198148,PBMC-06,PRJNA800261,SAMN25241904,4218059483,GEO,public,"sra,run.zq,fastq","gs,s3,ncbi","gs.us-east1,ncbi.public,s3.us-east-1",SRX13897053,GSM5833285,Illumina NovaSeq 6000,PAIRED,cDNA,TRANSCRIPTOMIC,Gene Expression,Homo sapiens,ILLUMINA,2022-03-11T00:00:00Z,2022-01-25T12:15:00Z,1,GSM5833285,S7,peripheral blood mononuclear cells,SRP356618,4
SRR17734310,RNA-Seq,118,14314443710,PBMC-06,PRJNA800261,SAMN25241904,4251859475,GEO,public,"run.zq,sra,fastq","s3,ncbi,gs","gs.us-east1,ncbi.public,s3.us-east-1",SRX13897053,GSM5833285,Illumina NovaSeq 6000,PAIRED,cDNA,TRANSCRIPTOMIC,Gene Expression,Homo sapiens,ILLUMINA,2022-03-11T00:00:00Z,2022-01-25T12:15:00Z,1,GSM5833285,S7,peripheral blood mononuclear cells,SRP356618,4
SRR17734311,RNA-Seq,128,67561076992,PBMC-04,PRJNA800261,SAMN25241905,22480699793,GEO,public,"run.zq,fastq,sra","ncbi,gs,s3","gs.us-east1,s3.us-east-1,ncbi.public",SRX13897054,GSM5833286,Illumina NovaSeq 6000,PAIRED,cDNA,TRANSCRIPTOMIC,Gene Expression,Homo sapiens,ILLUMINA,2022-03-11T00:00:00Z,2022-01-25T20:52:00Z,1,GSM5833286,S4,peripheral blood mononuclear cells,SRP356618,1
SRR17734312,RNA-Seq,128,21231595648,PBMC-04,PRJNA800261,SAMN25241907,8095900868,GEO,public,"run.zq,fastq,sra","s3,gs,ncbi","gs.us-east1,s3.us-east-1,ncbi.public",SRX13897055,GSM5833287,Illumina NovaSeq 6000,PAIRED,cDNA,TRANSCRIPTOMIC,Antibody Capture,Homo sapiens,ILLUMINA,2022-03-11T00:00:00Z,2022-01-25T13:04:00Z,1,GSM5833287,S4,peripheral blood mononuclear cells,SRP356618,1
SRR17734313,RNA-Seq,128,68429263488,PBMC-04,PRJNA800261,SAMN25241908,22863750267,GEO,public,"run.zq,fastq,sra","s3,ncbi,gs","gs.us-east1,ncbi.public,s3.us-east-1",SRX13897056,GSM5833288,Illumina NovaSeq 6000,PAIRED,cDNA,TRANSCRIPTOMIC,Gene Expression,Homo sapiens,ILLUMINA,2022-03-11T00:00:00Z,2022-01-26T11:37:00Z,1,GSM5833288,S4,peripheral blood mononuclear cells,SRP356618,2
SRR17734314,RNA-Seq,128,24424742912,PBMC-04,PRJNA800261,SAMN25241909,9296543046,GEO,public,"fastq,run.zq,sra","s3,gs,ncbi","gs.us-east1,ncbi.public,s3.us-east-1",SRX13897057,GSM5833289,Illumina NovaSeq 6000,PAIRED,cDNA,TRANSCRIPTOMIC,Antibody Capture,Homo sapiens,ILLUMINA,2022-03-11T00:00:00Z,2022-01-25T12:06:00Z,1,GSM5833289,S4,peripheral blood mononuclear cells,SRP356618,2
SRR17734315,RNA-Seq,128,79204337408,PBMC-04,PRJNA800261,SAMN25241910,26091336658,GEO,public,"sra,fastq,run.zq","gs,s3,ncbi","gs.us-east1,s3.us-east-1,ncbi.public",SRX13897058,GSM5833290,Illumina NovaSeq 6000,PAIRED,cDNA,TRANSCRIPTOMIC,Gene Expression,Homo sapiens,ILLUMINA,2022-03-11T00:00:00Z,2022-01-26T09:20:00Z,1,GSM5833290,S4,peripheral blood mononuclear cells,SRP356618,4
SRR17734316,RNA-Seq,128,19718371456,PBMC-04,PRJNA800261,SAMN25241911,7513522369,GEO,public,"fastq,run.zq,sra","gs,s3,ncbi","s3.us-east-1,gs.us-east1,ncbi.public",SRX13897059,GSM5833291,Illumina NovaSeq 6000,PAIRED,cDNA,TRANSCRIPTOMIC,Antibody Capture,Homo sapiens,ILLUMINA,2022-03-11T00:00:00Z,2022-01-25T11:43:00Z,1,GSM5833291,S4,peripheral blood mononuclear cells,SRP356618,4
SRR17734317,RNA-Seq,128,76950320768,PBMC-04,PRJNA800261,SAMN25241912,25867076023,GEO,public,"fastq,sra,run.zq","gs,s3,ncbi","s3.us-east-1,ncbi.public,gs.us-east1",SRX13897060,GSM5833292,Illumina NovaSeq 6000,PAIRED,cDNA,TRANSCRIPTOMIC,Gene Expression,Homo sapiens,ILLUMINA,2022-03-11T00:00:00Z,2022-01-25T20:01:00Z,1,GSM5833292,S4,peripheral blood mononuclear cells,SRP356618,3
SRR17734318,RNA-Seq,128,19602265216,PBMC-04,PRJNA800261,SAMN25241913,7499821207,GEO,public,"fastq,run.zq,sra","gs,s3,ncbi","s3.us-east-1,gs.us-east1,ncbi.public",SRX13897061,GSM5833293,Illumina NovaSeq 6000,PAIRED,cDNA,TRANSCRIPTOMIC,Antibody Capture,Homo sapiens,ILLUMINA,2022-03-11T00:00:00Z,2022-01-25T12:26:00Z,1,GSM5833293,S4,peripheral blood mononuclear cells,SRP356618,3
SRR17734319,RNA-Seq,202,131347741488,PBMC-05,PRJNA800261,SAMN25241914,49323941987,GEO,public,"sra,fastq,run.zq","gs,s3,ncbi","ncbi.public,s3.us-east-1,gs.us-east1",SRX13897062,GSM5833294,Illumina NovaSeq 6000,PAIRED,cDNA,TRANSCRIPTOMIC,Gene Expression,Homo sapiens,ILLUMINA,2022-03-11T00:00:00Z,2022-01-25T21:31:00Z,1,GSM5833294,S5,peripheral blood mononuclear cells,SRP356618,4
SRR17734320,RNA-Seq,202,30470533046,PBMC-05,PRJNA800261,SAMN25241915,12554302802,GEO,public,"fastq,sra,run.zq","ncbi,gs,s3","ncbi.public,s3.us-east-1,gs.us-east1",SRX13897063,GSM5833295,Illumina NovaSeq 6000,PAIRED,cDNA,TRANSCRIPTOMIC,Antibody Capture,Homo sapiens,ILLUMINA,2022-03-11T00:00:00Z,2022-01-25T12:36:00Z,1,GSM5833295,S5,peripheral blood mononuclear cells,SRP356618,4
SRR17734321,RNA-Seq,202,133353033464,PBMC-05,PRJNA800261,SAMN25241916,50291954912,GEO,public,"fastq,sra,run.zq","s3,gs,ncbi","s3.us-east-1,gs.us-east1,ncbi.public",SRX13897064,GSM5833296,Illumina NovaSeq 6000,PAIRED,cDNA,TRANSCRIPTOMIC,Gene Expression,Homo sapiens,ILLUMINA,2022-03-11T00:00:00Z,2022-01-26T00:29:00Z,1,GSM5833296,S5,peripheral blood mononuclear cells,SRP356618,2
SRR17734322,RNA-Seq,202,24223682440,PBMC-05,PRJNA800261,SAMN25241917,9986727354,GEO,public,"fastq,sra,run.zq","ncbi,s3,gs","gs.us-east1,s3.us-east-1,ncbi.public",SRX13897065,GSM5833297,Illumina NovaSeq 6000,PAIRED,cDNA,TRANSCRIPTOMIC,Antibody Capture,Homo sapiens,ILLUMINA,2022-03-11T00:00:00Z,2022-01-25T12:42:00Z,1,GSM5833297,S5,peripheral blood mononuclear cells,SRP356618,2
SRR17734323,RNA-Seq,202,138869460352,PBMC-05,PRJNA800261,SAMN25241918,52171042430,GEO,public,"run.zq,fastq,sra","gs,s3,ncbi","gs.us-east1,ncbi.public,s3.us-east-1",SRX13897066,GSM5833298,Illumina NovaSeq 6000,PAIRED,cDNA,TRANSCRIPTOMIC,Gene Expression,Homo sapiens,ILLUMINA,2022-03-11T00:00:00Z,2022-01-25T21:25:00Z,1,GSM5833298,S5,peripheral blood mononuclear cells,SRP356618,1
SRR17734324,RNA-Seq,202,25614114696,PBMC-05,PRJNA800261,SAMN25241919,10563301723,GEO,public,"run.zq,fastq,sra","ncbi,s3,gs","ncbi.public,gs.us-east1,s3.us-east-1",SRX13897067,GSM5833299,Illumina NovaSeq 6000,PAIRED,cDNA,TRANSCRIPTOMIC,Antibody Capture,Homo sapiens,ILLUMINA,2022-03-11T00:00:00Z,2022-01-25T12:16:00Z,1,GSM5833299,S5,peripheral blood mononuclear cells,SRP356618,1
SRR17734325,RNA-Seq,202,118816410706,PBMC-05,PRJNA800261,SAMN25241920,44592277701,GEO,public,"run.zq,fastq,sra","ncbi,gs,s3","gs.us-east1,s3.us-east-1,ncbi.public",SRX13897068,GSM5833300,Illumina NovaSeq 6000,PAIRED,cDNA,TRANSCRIPTOMIC,Gene Expression,Homo sapiens,ILLUMINA,2022-03-11T00:00:00Z,2022-01-26T07:23:00Z,1,GSM5833300,S5,peripheral blood mononuclear cells,SRP356618,3
SRR17734326,RNA-Seq,202,29057503656,PBMC-05,PRJNA800261,SAMN25241921,11973156063,GEO,public,"fastq,run.zq,sra","ncbi,s3,gs","s3.us-east-1,ncbi.public,gs.us-east1",SRX13897069,GSM5833301,Illumina NovaSeq 6000,PAIRED,cDNA,TRANSCRIPTOMIC,Antibody Capture,Homo sapiens,ILLUMINA,2022-03-11T00:00:00Z,2022-01-25T12:21:00Z,1,GSM5833301,S5,peripheral blood mononuclear cells,SRP356618,3
SRR17734327,RNA-Seq,202,62538463104,PBMC-03,PRJNA800261,SAMN25241922,24073805127,GEO,public,"fastq,run.zq,sra","ncbi,gs,s3","s3.us-east-1,ncbi.public,gs.us-east1",SRX13897070,GSM5833302,Illumina NovaSeq 6000,PAIRED,cDNA,TRANSCRIPTOMIC,Gene Expression,Homo sapiens,ILLUMINA,2022-03-11T00:00:00Z,2022-01-25T17:49:00Z,1,GSM5833302,S3,peripheral blood mononuclear cells,SRP356618,4
SRR17734328,RNA-Seq,202,12794743024,PBMC-03,PRJNA800261,SAMN25241923,5294153456,GEO,public,"sra,run.zq,fastq","ncbi,gs,s3","gs.us-east1,s3.us-east-1,ncbi.public",SRX13897025,GSM5833303,Illumina NovaSeq 6000,PAIRED,cDNA,TRANSCRIPTOMIC,Antibody Capture,Homo sapiens,ILLUMINA,2022-03-11T00:00:00Z,2022-01-25T11:49:00Z,1,GSM5833303,S3,peripheral blood mononuclear cells,SRP356618,4
SRR17734329,RNA-Seq,202,142920906682,PBMC-03,PRJNA800261,SAMN25241924,54738642328,GEO,public,"fastq,run.zq,sra","ncbi,s3,gs","ncbi.public,gs.us-east1,s3.us-east-1",SRX13897026,GSM5833304,Illumina NovaSeq 6000,PAIRED,cDNA,TRANSCRIPTOMIC,Gene Expression,Homo sapiens,ILLUMINA,2022-03-11T00:00:00Z,2022-01-25T22:21:00Z,1,GSM5833304,S3,peripheral blood mononuclear cells,SRP356618,1
SRR17734330,RNA-Seq,202,38593274832,PBMC-03,PRJNA800261,SAMN25241925,15924380999,GEO,public,"run.zq,fastq,sra","s3,gs,ncbi","s3.us-east-1,ncbi.public,gs.us-east1",SRX13897027,GSM5833305,Illumina NovaSeq 6000,PAIRED,cDNA,TRANSCRIPTOMIC,Antibody Capture,Homo sapiens,ILLUMINA,2022-03-11T00:00:00Z,2022-01-25T12:41:00Z,1,GSM5833305,S3,peripheral blood mononuclear cells,SRP356618,1
SRR17734331,RNA-Seq,202,147027994114,PBMC-03,PRJNA800261,SAMN25241926,56366785654,GEO,public,"sra,run.zq,fastq","ncbi,gs,s3","ncbi.public,s3.us-east-1,gs.us-east1",SRX13897028,GSM5833306,Illumina NovaSeq 6000,PAIRED,cDNA,TRANSCRIPTOMIC,Gene Expression,Homo sapiens,ILLUMINA,2022-03-11T00:00:00Z,2022-01-25T23:11:00Z,1,GSM5833306,S3,peripheral blood mononuclear cells,SRP356618,2
SRR17734332,RNA-Seq,202,34205328620,PBMC-03,PRJNA800261,SAMN25241927,14131629761,GEO,public,"sra,run.zq,fastq","s3,gs,ncbi","gs.us-east1,ncbi.public,s3.us-east-1",SRX13897029,GSM5833307,Illumina NovaSeq 6000,PAIRED,cDNA,TRANSCRIPTOMIC,Antibody Capture,Homo sapiens,ILLUMINA,2022-03-11T00:00:00Z,2022-01-25T12:23:00Z,1,GSM5833307,S3,peripheral blood mononuclear cells,SRP356618,2
SRR17734333,RNA-Seq,202,140846911274,PBMC-03,PRJNA800261,SAMN25241928,54164540819,GEO,public,"fastq,run.zq,sra","s3,ncbi,gs","s3.us-east-1,ncbi.public,gs.us-east1",SRX13897030,GSM5833308,Illumina NovaSeq 6000,PAIRED,cDNA,TRANSCRIPTOMIC,Gene Expression,Homo sapiens,ILLUMINA,2022-03-11T00:00:00Z,2022-01-26T00:23:00Z,1,GSM5833308,S3,peripheral blood mononuclear cells,SRP356618,3
SRR17734334,RNA-Seq,202,30134910248,PBMC-03,PRJNA800261,SAMN25241929,12447330521,GEO,public,"fastq,sra,run.zq","gs,ncbi,s3","s3.us-east-1,gs.us-east1,ncbi.public",SRX13897031,GSM5833309,Illumina NovaSeq 6000,PAIRED,cDNA,TRANSCRIPTOMIC,Antibody Capture,Homo sapiens,ILLUMINA,2022-03-11T00:00:00Z,2022-01-25T13:13:00Z,1,GSM5833309,S3,peripheral blood mononuclear cells,SRP356618,3
SRR17734335,RNA-Seq,300,151163121300,PBMC-02,PRJNA800261,SAMN25241930,56530503157,GEO,public,"run.zq,fastq,sra","s3,gs,ncbi","ncbi.public,s3.us-east-1,gs.us-east1",SRX13897032,GSM5833310,Illumina NovaSeq 6000,PAIRED,cDNA,TRANSCRIPTOMIC,Gene Expression,Homo sapiens,ILLUMINA,2022-03-11T00:00:00Z,2022-01-26T09:55:00Z,1,GSM5833310,S2,peripheral blood mononuclear cells,SRP356618,1
SRR17734336,RNA-Seq,300,17396108400,PBMC-02,PRJNA800261,SAMN25241931,7269780080,GEO,public,"sra,run.zq,fastq","s3,gs,ncbi","s3.us-east-1,gs.us-east1,ncbi.public",SRX13897033,GSM5833311,Illumina NovaSeq 6000,PAIRED,cDNA,TRANSCRIPTOMIC,Antibody Capture,Homo sapiens,ILLUMINA,2022-03-11T00:00:00Z,2022-01-25T11:51:00Z,1,GSM5833311,S2,peripheral blood mononuclear cells,SRP356618,1
SRR17734337,RNA-Seq,300,171286137900,PBMC-02,PRJNA800261,SAMN25241932,64017354389,GEO,public,"run.zq,fastq,sra","gs,ncbi,s3","s3.us-east-1,gs.us-east1,ncbi.public",SRX13897034,GSM5833312,Illumina NovaSeq 6000,PAIRED,cDNA,TRANSCRIPTOMIC,Gene Expression,Homo sapiens,ILLUMINA,2022-03-11T00:00:00Z,2022-01-25T23:38:00Z,1,GSM5833312,S2,peripheral blood mononuclear cells,SRP356618,4
SRR17734338,RNA-Seq,300,35852002500,PBMC-02,PRJNA800261,SAMN25241933,14966758739,GEO,public,"sra,fastq,run.zq","ncbi,s3,gs","ncbi.public,gs.us-east1,s3.us-east-1",SRX13897035,GSM5833313,Illumina NovaSeq 6000,PAIRED,cDNA,TRANSCRIPTOMIC,Antibody Capture,Homo sapiens,ILLUMINA,2022-03-11T00:00:00Z,2022-01-25T12:57:00Z,1,GSM5833313,S2,peripheral blood mononuclear cells,SRP356618,4
SRR17734339,RNA-Seq,300,154045065300,PBMC-02,PRJNA800261,SAMN25241934,57575779015,GEO,public,"fastq,run.zq,sra","s3,ncbi,gs","s3.us-east-1,gs.us-east1,ncbi.public",SRX13897036,GSM5833314,Illumina NovaSeq 6000,PAIRED,cDNA,TRANSCRIPTOMIC,Gene Expression,Homo sapiens,ILLUMINA,2022-03-11T00:00:00Z,2022-01-26T09:24:00Z,1,GSM5833314,S2,peripheral blood mononuclear cells,SRP356618,3
SRR17734340,RNA-Seq,300,29925813000,PBMC-02,PRJNA800261,SAMN25241935,12514768975,GEO,public,"sra,run.zq,fastq","ncbi,gs,s3","s3.us-east-1,gs.us-east1,ncbi.public",SRX13897037,GSM5833315,Illumina NovaSeq 6000,PAIRED,cDNA,TRANSCRIPTOMIC,Antibody Capture,Homo sapiens,ILLUMINA,2022-03-11T00:00:00Z,2022-01-25T12:21:00Z,1,GSM5833315,S2,peripheral blood mononuclear cells,SRP356618,3
SRR17734341,RNA-Seq,300,162187680000,PBMC-02,PRJNA800261,SAMN25241936,60566179825,GEO,public,"run.zq,sra,fastq","gs,ncbi,s3","s3.us-east-1,gs.us-east1,ncbi.public",SRX13897038,GSM5833316,Illumina NovaSeq 6000,PAIRED,cDNA,TRANSCRIPTOMIC,Gene Expression,Homo sapiens,ILLUMINA,2022-03-11T00:00:00Z,2022-01-26T11:22:00Z,1,GSM5833316,S2,peripheral blood mononuclear cells,SRP356618,2
SRR17734267,RNA-Seq,118,15651715172,PBMC-07,PRJNA800261,SAMN25241892,4610600159,GEO,public,"fastq,sra,run.zq","s3,gs,ncbi","ncbi.public,s3.us-east-1,gs.us-east1",SRX13897041,GSM5833273,Illumina NovaSeq 6000,PAIRED,cDNA,TRANSCRIPTOMIC,Gene Expression,Homo sapiens,ILLUMINA,2022-03-11T00:00:00Z,2022-01-25T11:49:00Z,1,GSM5833273,S7,peripheral blood mononuclear cells,SRP356618,1
SRR17734268,RNA-Seq,118,15631770576,PBMC-07,PRJNA800261,SAMN25241892,4620439109,GEO,public,"sra,run.zq,fastq","ncbi,gs,s3","s3.us-east-1,ncbi.public,gs.us-east1",SRX13897041,GSM5833273,Illumina NovaSeq 6000,PAIRED,cDNA,TRANSCRIPTOMIC,Gene Expression,Homo sapiens,ILLUMINA,2022-03-11T00:00:00Z,2022-01-25T11:38:00Z,1,GSM5833273,S7,peripheral blood mononuclear cells,SRP356618,1
SRR17734269,RNA-Seq,118,15671959252,PBMC-07,PRJNA800261,SAMN25241892,4621585483,GEO,public,"run.zq,sra,fastq","gs,s3,ncbi","gs.us-east1,s3.us-east-1,ncbi.public",SRX13897041,GSM5833273,Illumina NovaSeq 6000,PAIRED,cDNA,TRANSCRIPTOMIC,Gene Expression,Homo sapiens,ILLUMINA,2022-03-11T00:00:00Z,2022-01-25T11:47:00Z,1,GSM5833273,S7,peripheral blood mononuclear cells,SRP356618,1
SRR17734270,RNA-Seq,118,15675190682,PBMC-07,PRJNA800261,SAMN25241892,4637517472,GEO,public,"sra,run.zq,fastq","s3,ncbi,gs","ncbi.public,gs.us-east1,s3.us-east-1",SRX13897041,GSM5833273,Illumina NovaSeq 6000,PAIRED,cDNA,TRANSCRIPTOMIC,Gene Expression,Homo sapiens,ILLUMINA,2022-03-11T00:00:00Z,2022-01-25T11:40:00Z,1,GSM5833273,S7,peripheral blood mononuclear cells,SRP356618,1
SRR17734272,RNA-Seq,118,16922976962,PBMC-07,PRJNA800261,SAMN25241893,4997282905,GEO,public,"sra,run.zq,fastq","ncbi,s3,gs","ncbi.public,s3.us-east-1,gs.us-east1",SRX13897042,GSM5833274,Illumina NovaSeq 6000,PAIRED,cDNA,TRANSCRIPTOMIC,Gene Expression,Homo sapiens,ILLUMINA,2022-03-11T00:00:00Z,2022-01-25T11:55:00Z,1,GSM5833274,S7,peripheral blood mononuclear cells,SRP356618,2
SRR17734273,RNA-Seq,118,17007736716,PBMC-07,PRJNA800261,SAMN25241893,5011914778,GEO,public,"fastq,sra,run.zq","s3,ncbi,gs","gs.us-east1,s3.us-east-1,ncbi.public",SRX13897042,GSM5833274,Illumina NovaSeq 6000,PAIRED,cDNA,TRANSCRIPTOMIC,Gene Expression,Homo sapiens,ILLUMINA,2022-03-11T00:00:00Z,2022-01-25T11:49:00Z,1,GSM5833274,S7,peripheral blood mononuclear cells,SRP356618,2
SRR17734275,RNA-Seq,118,16566379782,PBMC-07,PRJNA800261,SAMN25241894,4883621185,GEO,public,"sra,run.zq,fastq","s3,ncbi,gs","gs.us-east1,s3.us-east-1,ncbi.public",SRX13897043,GSM5833275,Illumina NovaSeq 6000,PAIRED,cDNA,TRANSCRIPTOMIC,Gene Expression,Homo sapiens,ILLUMINA,2022-03-11T00:00:00Z,2022-01-25T11:36:00Z,1,GSM5833275,S7,peripheral blood mononuclear cells,SRP356618,4
SRR17734277,RNA-Seq,118,16554945582,PBMC-07,PRJNA800261,SAMN25241894,4886349791,GEO,public,"run.zq,fastq,sra","gs,ncbi,s3","s3.us-east-1,gs.us-east1,ncbi.public",SRX13897043,GSM5833275,Illumina NovaSeq 6000,PAIRED,cDNA,TRANSCRIPTOMIC,Gene Expression,Homo sapiens,ILLUMINA,2022-03-11T00:00:00Z,2022-01-25T11:38:00Z,1,GSM5833275,S7,peripheral blood mononuclear cells,SRP356618,4
SRR17734285,RNA-Seq,118,15890267040,PBMC-07,PRJNA800261,SAMN25241897,4681245342,GEO,public,"fastq,run.zq,sra","gs,ncbi,s3","ncbi.public,s3.us-east-1,gs.us-east1",SRX13897046,GSM5833278,Illumina NovaSeq 6000,PAIRED,cDNA,TRANSCRIPTOMIC,Gene Expression,Homo sapiens,ILLUMINA,2022-03-11T00:00:00Z,2022-01-25T11:52:00Z,1,GSM5833278,S7,peripheral blood mononuclear cells,SRP356618,3
SRR17734286,RNA-Seq,118,15834392152,PBMC-07,PRJNA800261,SAMN25241897,4680593706,GEO,public,"sra,fastq,run.zq","s3,gs,ncbi","ncbi.public,gs.us-east1,s3.us-east-1",SRX13897046,GSM5833278,Illumina NovaSeq 6000,PAIRED,cDNA,TRANSCRIPTOMIC,Gene Expression,Homo sapiens,ILLUMINA,2022-03-11T00:00:00Z,2022-01-25T11:38:00Z,1,GSM5833278,S7,peripheral blood mononuclear cells,SRP356618,3
SRR17734292,RNA-Seq,118,21516438954,PBMC-06,PRJNA800261,SAMN25241898,6397012950,GEO,public,"run.zq,sra,fastq","gs,ncbi,s3","ncbi.public,s3.us-east-1,gs.us-east1",SRX13897047,GSM5833279,Illumina NovaSeq 6000,PAIRED,cDNA,TRANSCRIPTOMIC,Gene Expression,Homo sapiens,ILLUMINA,2022-03-11T00:00:00Z,2022-01-25T11:54:00Z,1,GSM5833279,S7,peripheral blood mononuclear cells,SRP356618,1
SRR17734301,RNA-Seq,118,17822799296,PBMC-06,PRJNA800261,SAMN25241902,5243890045,GEO,public,"fastq,sra,run.zq","s3,gs,ncbi","s3.us-east-1,ncbi.public,gs.us-east1",SRX13897051,GSM5833283,Illumina NovaSeq 6000,PAIRED,cDNA,TRANSCRIPTOMIC,Gene Expression,Homo sapiens,ILLUMINA,2022-03-11T00:00:00Z,2022-01-25T12:01:00Z,1,GSM5833283,S7,peripheral blood mononuclear cells,SRP356618,2
SRR17734308,RNA-Seq,118,14320361056,PBMC-06,PRJNA800261,SAMN25241904,4252805573,GEO,public,"fastq,sra,run.zq","ncbi,gs,s3","ncbi.public,s3.us-east-1,gs.us-east1",SRX13897053,GSM5833285,Illumina NovaSeq 6000,PAIRED,cDNA,TRANSCRIPTOMIC,Gene Expression,Homo sapiens,ILLUMINA,2022-03-11T00:00:00Z,2022-01-25T12:04:00Z,1,GSM5833285,S7,peripheral blood mononuclear cells,SRP356618,4
SRR17734309,RNA-Seq,118,14324989606,PBMC-06,PRJNA800261,SAMN25241904,4241174864,GEO,public,"sra,fastq,run.zq","ncbi,s3,gs","s3.us-east-1,ncbi.public,gs.us-east1",SRX13897053,GSM5833285,Illumina NovaSeq 6000,PAIRED,cDNA,TRANSCRIPTOMIC,Gene Expression,Homo sapiens,ILLUMINA,2022-03-11T00:00:00Z,2022-01-25T11:41:00Z,1,GSM5833285,S7,peripheral blood mononuclear cells,SRP356618,4
